DesignId,Knit Per cm,Stretch,Courses,PRL,PRW,NeedleSetup,NoBands
D00001,38,0.6,112,29,170,192,16
D00002,38,0.6,240,63,170,192,16
D00003,40,0.6,120,30,230,256,12
D00004,38,0.55,456,120,230,256,12
D00005,38,0.699999988,23,92,60,192,51
D00006,38,1,264,71,58,192,51
D00007,38,1,304,80,58,62,51
D00008,40,1.8,192,48,55,192,50
D00009,40,1.8,192,48,37,62,50
D00010,40,0.6,48,12,57,62,51
D00011,40,0.6,258,66,57,62,51
D00013,40,0.6,378,94,57,62,51
D00014,40,0.6,318,81,57,62,51
D00015,40,1,180,43,58,62,51
D00016,40,0.6,200,50,57,62,51
D00017,40,0.6,168,40,57,62,51
D00018,40,0.6,348,87,51,62,51
D00019,40,0.6,228,37,40,62,64
D00020,38,0.6,84,23,12,48,132
D00021,38,0.6,84,22,18,48,63
D00022,38,0.6,48,12,18,48,64
D00023,38,0.6,160,42,18,48,64
D00024,38,0.6,70,18,18,48,64
D00025,40,0.6,240,60,59,62,2
D00026,36,0.7,36,10,46,48,2
D00027,35,0.699999988,0,52,160,48,2
D00030,40,0.8,4432,1100,430,192,5
D00031,40,0.8,3904,980,335,192,8
D00032,40,0.7,672,163,410,192,5
D00033,40,0.6,4192,1048,340,192,8
D00034,40,0.7,2720,680,240,256,12
D00035,38,0.8,2392,630,290,192,8
D00036,40,1,3824,906,265,256,12
D00037,40,0.65,960,240,360,384,8
D00038,40,0.8,3904,980,340,384,8
D00039,40,0.6,4192,1070,335,192,8
D00040,40,0.8,3904,980,335,192,8
D00041,40,1,4280,1070,350,384,8
D00042,42,0.7,1112,265,350,192,8
D00043,40,1,4480,1120,400,192,8
D00044,40,1,1590,398,263,256,12
D00045,40,1,1512,378,184,256,12
D00046,42,0.65,3780,940,284,256,6
D00047,40,0.8,3940,985,730,256,4
D00048,38,0.7,458,120,230,256,12
D00049,40,0.6,128,32,230,256,12
D00050,40,0.6,474,118,230,256,12
D00052,42,0.7,528,125,230,256,12
D00053,32,0.7,194,60,150,158,2
D00054,38,0.8,654,172,180,192,2
D00055,42,0.6,224,56,230,256,12
D00056,40,0.6,480,120,230,256,12
D00057,42,1,3504,834,240,256,12
D00058,40,0.7,200,50,230,256,12
D00059,38,0.6,240,65,230,256,12
D00060,38,0.8,364,98,230,256,12
D00061,38,0.8,1710,450,230,256,12
D00062,38,0.6,304,80,230,256,12
D00063,38,0.7,192,51,230,256,12
D00064,38,0.7,328,87,230,256,12
D00065,38,0.8,1976,520,230,256,12
D00066,40,0.8,334,84,230,256,12
D00067,35,0.6,210,60,130,158,19
D00068,38,0.7,486,128,200,256,12
D00069,35,0.5,210,60,40,256,60
D00070,32,0.6,162,50,25,192,76
D00071,32,0.6,286,90,25,192,64
D00072,40,0.7,560,140,230,256,12
D00073,35,0.6,482,138,230,256,12
D00074,40,0.7,560,140,230,256,12
D00075,40,0.6,470,118,230,256,12
D00076,40,0.6,4192,1048,180,256,8
D00077,40,1,4060,940,277,192,8
D00078,38,0.8,2504,660,390,256,6
D00079,35,0.7,384,110,230,256,12
D00080,32,0.6,320,100,230,256,12
D00081,40,0.6,394,99,230,256,12
D00082,40,0.7,376,94,230,256,12
D00083,42,0.7,526,125,230,256,12
D00084,40,0.7,248,62,230,256,12
D00085,40,0.7,480,120,230,256,12
D00086,35,0.7,418,120,230,256,12
D00087,35,0.7,252,72,170,192,16
D00088,38,0.8,540,142,230,256,12
D00089,42,0.7,490,117,230,256,12
D00090,42,0.7,486,116,230,256,12
D00091,40,0.8,350,89,230,256,12
D00092,40,0.6,528,132,230,256,12
D00093,40,0.8,510,128,230,256,12
D00094,40,0.8,384,97,230,256,12
D00095,42,0.8,1700,395,230,256,12
D00096,40,0.7,248,62,95,256,24
D00097,42,0.7,492,117,230,256,12
D00098,40,0.7,248,62,230,256,12
D00099,40,0.7,320,80,230,256,12
D00100,42,0.7,526,125,230,256,12
D00101,38,0.6,344,90,230,256,16
D00102,42,0.6,256,60,230,256,12
D00103,42,0.6,276,90,230,256,12
D00104,40,0.8,352,86,230,256,12
D00105,40,0.7,512,130,230,256,12
D00106,40,0.7,312,77,230,256,12
D00107,42,0.6,392,90,230,256,12
D00108,40,0.7,550,137,230,256,12
D00109,40,0.7,616,152,230,256,12
D00110,40,0.7,456,114,230,256,12
D00111,40,0.7,426,106,230,256,12
D00112,40,0.7,272,68,230,256,12
D00113,42,0.7,698,166,230,256,12
D00114,42,0.7,344,80,230,256,12
D00115,40,0.6,510,128,145,158,38
D00116,40,0.7,272,68,230,256,12
D00117,38,0.7,456,120,220,256,12
D00118,38,0.7,304,80,30,192,60
D00119,32,0.45,480,150,230,256,12
D00120,35,0.65,456,128,230,256,12
D00121,40,0.5,560,140,230,256,12
D00122,40,0.6,838,110,230,256,12
D00123,40,0.6,370,93,230,256,12
D00124,38,0.75,368,97,180,192,2
D00125,38,0.6,480,126,230,256,12
D00126,38,0.7,304,80,30,192,60
D00127,38,0.5,456,120,220,256,12
D00128,40,0.6,470,117,230,256,12
D00129,38,0.6,134,35,230,256,12
D00130,38,0.5,456,120,220,256,12
D00131,40,0.6,616,154,180,192,2
D00132,35,0.7,296,84,230,256,12
D00133,40,0.6,616,154,180,192,2
D00134,40,0.6,482,133,230,256,12
D00135,40,0.6,80,20,180,192,2
D00136,40,0.6,360,90,180,192,2
D00137,38,0.6,552,146,180,192,2
D00138,35,0.7,296,86,230,256,12
D00139,40,0.7,550,137,230,256,12
D00140,38,0.6,252,66,230,256,12
D00141,38,0.6,728,192,180,192,2
D00142,40,0.7,1286,319,230,256,12
D00143,38,0.6,310,80,230,256,12
D00144,38,0.6,78,20,30,158,76
D00145,38,0.7,320,84,78,158,38
D00146,38,0.6,208,54,230,256,12
D00147,40,0.6,264,66,40,158,57
D00148,42,1.2,470,112,125,158,19
D00149,40,0.6,264,66,40,158,57
D00150,45,1.5,626,139,140,158,19
D00151,38,0.6,300,77,230,256,12
D00152,38,0.6,368,95,230,256,12
D00153,42,0.7,398,95,60,158,38
D00154,38,0.6,230,148,230,256,12
D00155,40,0.6,360,90,144,192,2
D00156,40,0.7,248,62,62,158,38
D00157,42,0.7,504,120,230,256,12
D00158,42,0.7,230,92,230,256,12
D00159,42,0.7,354,84,230,256,12
D00160,42,0.7,480,114,230,256,12
D00161,42,0.6,394,94,230,256,12
D00162,40,0.7,594,148,230,256,12
D00163,38,0,300,90,140,158,19
D00164,42,0.65,528,128,230,256,12
D00165,38,0.6,300,77,65,158,38
D00166,42,0.7,168,40,230,256,12
D00167,42,,,40,230,256,12
D00168,38,0.6,450,119,230,256,12
D00169,40,0.7,444,111,230,256,12
D00170,38,0.7,462,120,230,256,12
D00171,38,0.7,300,90,140,192,16
D00172,35,0.7,334,95,90,96,2
D00173,38,0.6,554,146,230,256,2
D00174,38,0.6,244,64,180,192,2
D00175,40,0.7,360,90,230,256,12
D00176,38,0.7,192,51,180,192,2
D00177,35,0.7,456,130,180,192,2
D00178,38,0.6,342,90,100,256,48
D00179,35,0.7,454,130,180,192,2
D00180,38,0.7,464,121,230,256,12
D00181,40,0.7,56,15,180,192,2
D00182,40,0.6,386,96,180,192,2
D00183,35,0.6,520,148,180,192,2
D00184,38,0.7,418,110,180,192,2
D00185,40,0.8,120,30,180,192,2
D00186,40,0.65,920,230,230,256,12
D00187,38,0.8,774,205,180,192,2
D00188,40,0.8,846,212,180,192,2
D00189,40,,,212,180,192,2
D00190,40,0.8,240,60,180,192,2
D00191,40,0.7,542,136,220,256,12
D00192,38,0.7,380,102,230,256,12
D00193,38,0.7,380,102,50,256,48
D00194,38,0.65,378,99,230,256,12
D00195,40,0.7,176,44,230,256,12
D00196,40,0.6,328,82,230,256,12
D00197,42,0.7,312,75,180,192,2
D00198,35,0.6,384,96,180,192,2
D00199,35,0.6,160,46,170,192,16
D00200,35,0.7,234,66,180,192,2
D00201,35,0.8,390,107,180,192,2
D00202,35,0.7,446,127,180,192,2
D00203,40,0.7,352,88,180,192,2
D00204,40,0.6,560,140,230,256,12
D00205,40,0.7,312,78,180,192,2
D00206,40,0.8,432,100,230,256,12
D00207,40,0.7,718,180,180,192,2
D00208,40,0.8,432,100,230,256,12
D00209,38,0.6,720,190,230,256,12
D00210,40,0.5,104,32,230,256,12
D00211,35,0.6,78,20,180,192,2
D00212,35,0.6,384,110,180,192,2
D00213,38,0.6,296,77,230,256,12
D00214,42,0.7,526,125,230,256,12
D00215,42,0.7,552,132,180,192,2
D00216,40,0.3,530,132,230,256,12
D00217,40,0.65,438,110,220,256,12
D00218,35,0.7,320,92,180,192,2
D00219,35,0.65,56,15,180,192,2
D00220,40,0.6,422,106,230,256,12
D00221,38,0.6,448,117,230,256,12
D00222,40,0.7,500,125,180,192,2
D00223,40,0.6,424,106,230,256,12
D00224,40,0.65,438,110,220,256,12
D00225,35,0.8,390,107,180,192,2
D00226,38,0.6,96,24,230,256,12
D00227,40,0.6,632,158,180,192,2
D00228,40,0.6,402,101,230,256,12
D00229,40,0.7,670,148,180,192,2
D00230,42,0.7,534,127,180,192,2
D00231,40,0.6,560,140,230,256,12
D00232,45,0.8,562,140,230,256,12
D00233,45,0.8,562,140,230,256,12
D00234,40,0.7,176,44,180,192,2
D00235,40,0.6,100,27,180,96,2
D00236,42,0.7,368,88,180,192,2
D00237,40,0.7,846,200,180,192,2
D00238,40,0.65,336,84,180,192,2
D00239,40,0.65,438,115,180,192,2
D00240,38,0.7,472,125,180,192,2
D00241,40,0.7,846,212,180,192,2
D00242,40,0.8,3680,920,370,256,6
D00243,40,0.65,438,110,220,256,12
D00244,40,0.65,448,115,230,256,12
D00245,38,0.5,88,26,180,192,2
D00246,40,0.8,846,212,180,192,2
D00247,38,0.6,216,58,230,256,12
D00248,40,0.7,826,206,180,192,2
D00249,40,0.6,112,28,180,192,2
D00250,40,0.6,128,32,180,192,2
D00251,40,0.6,100,25,180,192,2
D00252,38,0.7,570,150,230,256,12
D00253,40,0.6,506,127,180,192,2
D00254,38,0.6,464,122,20,256,84
D00255,40,0.7,826,206,180,192,2
D00256,38,0.6,640,160,230,256,12
D00257,40,0.6,402,100,180,192,2
D00258,38,0.7,360,95,220,256,12
D00259,40,0.7,272,68,230,256,12
D00260,38,0.6,300,77,240,256,2
D00261,38,0.6,240,63,180,192,2
D00262,30,0.6,230,92,230,256,12
D00263,38,0.6,520,137,230,256,12
D00264,38,0.6,464,122,230,256,12
D00265,40,0.7,282,70,220,256,12
D00266,40,0.65,470,118,180,192,2
D00267,40,0.6,376,94,180,192,2
D00268,40,0.6,424,105,230,256,12
D00269,38,0.7,72,18,230,256,12
D00270,40,0.7,388,96,150,192,2
D00271,38,0.6,576,150,230,256,12
D00272,40,0.7,286,72,180,192,2
D00273,32,0.35,228,72,220,256,12
D00274,38,0.6,498,131,180,192,2
D00275,38,0.6,456,120,230,256,12
D00276,40,0.6,560,140,230,256,12
D00277,38,0.7,192,50,180,192,2
D00278,38,0.6,394,104,180,192,2
D00279,38,0.7,354,93,180,192,2
D00280,38,0.6,174,46,230,256,12
D00281,38,0.6,272,72,180,192,2
D00282,40,0.6,296,75,230,256,12
D00283,32,0.35,156,49,230,256,12
D00284,40,0.7,370,85,146,192,2
D00285,38,0.6,360,95,230,256,12
D00286,38,0.6,114,30,230,256,12
D00287,38,0.7,72,15,180,192,2
D00288,38,0.6,272,72,180,192,2
D00289,38,0.6,104,28,230,256,12
D00290,38,0.6,176,45,230,256,12
D00291,42,0.65,3780,940,284,256,6
D00292,32,0.8,282,88,230,256,12
D00293,38,0.7,232,60,230,256,12
D00294,40,0.6,490,122,230,256,12
D00295,40,0.7,560,140,230,256,12
D00296,35,0.6,482,138,230,256,12
D00297,40,0.7,560,140,230,256,12
D00298,33,0.7,288,87,200,256,12
D00299,42,0.6,256,60,230,256,12
D00300,40,0.6,510,128,80,192,32
D00301,40,0.6,510,128,80,158,38
D00302,32,0.45,480,150,230,256,12
D00303,35,0.65,530,152,230,256,12
D00304,40,0.7,272,68,230,256,12
D00305,40,0.7,468,116,230,256,12
D00306,40,0.6,402,100,230,256,12
D00307,35,0.6,288,83,230,256,12
D00308,38,0.6,470,124,230,256,12
D00309,38,0.6,360,900,230,256,12
D00310,38,0.6,438,115,230,256,12
D00311,38,0.6,264,70,230,256,12
D00312,38,0.6,240,62,45,158,38
D00313,38,0.6,304,80,230,256,12
D00314,40,0.7,360,90,230,256,12
D00315,40,0.65,92,24,98,256,24
D00316,40,0.7,440,110,230,256,12
D00317,40,0.6,490,122,230,256,12
D00318,35,,,100,230,256,3
D00319,38,0.65,248,65,230,256,12
D00320,40,0.6,504,127,230,256,12
D00321,40,0.6,328,82,230,256,12
D00322,32,,,32,230,256,12
D00323,38,,,77,230,256,12
D00324,40,0.6,424,106,230,256,12
D00325,38,0.6,522,137,230,256,12
D00326,40,0.6,496,125,180,192,2
D00327,38,0.7,472,125,180,192,2
D00328,40,0.65,438,110,220,256,12
D00329,40,0.65,438,110,220,256,12
D00330,40,,,115,230,256,12
D00331,40,0.65,448,115,230,256,12
D00332,38,0.5,88,26,180,192,2
D00333,40,0.7,826,206,180,192,2
D00334,40,0.6,496,125,180,192,2
D00335,40,0.6,640,160,230,256,12
D00336,38,0.6,680,177,230,256,12
D00337,40,0.6,640,160,230,256,12
D00338,38,0.6,342,90,230,256,12
D00339,40,0.7,272,68,230,256,12
D00340,40,0.65,470,118,180,192,2
D00341,40,0.6,376,94,180,192,2
D00342,40,0.7,286,72,180,192,2
D00343,38,0.6,320,84,180,192,2
D00344,40,0.6,216,54,230,256,12
D00345,35,0.6,326,94,200,256,12
D00346,35,0.7,336,96,230,256,12
D00347,38,0.6,456,120,230,256,12
D00348,40,0.6,504,126,170,256,12
D00349,38,0.6,280,76,33,256,48
D00350,40,0.6,504,130,230,256,12
D00351,38,0.8,2280,600,200,256,12
D00352,38,0.7,418,110,230,256,12
D00353,40,0.8,404,101,230,256,12
D00354,38,0.8,456,119,230,256,12
D00355,35,0.8,296,84,230,256,12
D00356,35,0.8,296,84,230,256,12
D00357,40,0.6,460,115,230,256,12
D00358,42,0.6,480,115,230,256,12
D00359,40,0.6,160,41,230,256,12
D00360,40,0.6,408,111,230,256,12
D00361,30,0.35,128,43,230,256,12
D00362,35,0.6,336,95,230,256,12
D00363,35,0.6,468,130,230,256,12
D00364,38,0.6,414,110,230,256,12
D00365,35,0.65,418,119,230,256,12
D00366,42,0.6,480,110,230,256,24
D00367,40,0.65,360,88,230,256,12
D00368,35,0.7,390,111,230,256,12
D00369,35,0.6,390,111,230,256,12
D00370,40,0.65,360,88,230,256,12
D00371,35,0.65,530,152,230,256,12
D00372,35,0.45,192,55,230,256,12
D00373,38,0.7,576,152,230,256,12
D00374,40,0.6,344,85,230,256,12
D00375,35,0.7,390,111,80,256,24
D00376,40,0.7,810,202,230,256,12
D00377,40,0.6,460,115,230,256,12
D00378,38,0.8,192,50,455,256,6
D00379,35,0.6,506,145,230,256,12
D00380,38,0.6,530,140,230,256,12
D00381,35,0.7,294,84,32,158,57
D00382,40,0.6,432,107,230,256,12
D00383,35,0.6,264,73,230,256,12
D00384,38,0.6,418,110,230,256,12
D00385,38,0.6,438,115,230,256,12
D00386,40,0.6,612,153,230,256,12
D00387,40,0.6,446,112,230,256,12
D00388,35,0.6,346,98,140,192,38
D00389,40,0.6,562,140,230,256,12
D00390,35,0.6,240,67,230,256,12
D00391,40,0.6,446,112,230,256,12
D00392,32,0.7,182,54,60,158,38
D00393,38,0.65,44,115,230,256,12
D00394,42,0.6,448,106,230,256,12
D00395,38,0.65,44,60,16,158,114
D00396,40,0.7,176,44,230,256,12
D00397,42,0.7,370,88,230,256,12
D00398,40,0.7,454,120,230,256,12
D00399,38,0.6,354,87,230,256,12
D00400,38,0.6,408,108,230,256,12
D00401,38,0.6,384,101,230,256,12
D00402,38,0.6,384,55,230,256,12
D00403,38,0.6,208,55,230,256,12
D00404,35,0.6,190,54,230,256,12
D00405,35,0.7,494,141,180,192,2
D00406,35,0.7,336,94,230,256,12
D00407,38,0.6,312,82,230,256,12
D00408,35,0.6,120,33,180,192,2
D00409,35,0.6,120,33,180,192,2
D00410,38,,,77,230,256,12
D00411,38,0.7,384,101,230,256,12
D00412,38,0.3,240,63,230,256,12
D00413,40,0.7,394,120,230,256,12
D00414,42,0.7,370,88,230,256,12
D00415,38,0.6,448,117,230,256,12
D00416,44,0.6,528,125,180,256,12
D00417,38,0.6,528,125,180,256,12
D00418,38,0.6,488,128,230,256,12
D00419,35,0.65,192,54,180,192,2
D00420,38,0.6,364,384,230,256,12
D00421,35,0.65,225,64,180,192,2
D00422,35,0.6,360,104,230,256,12
D00423,38,0.6,236,62,230,256,12
D00424,32,0.7,182,54,230,256,12
D00425,38,0.65,958,252,180,256,2
D00426,38,0.6,514,134,230,256,12
D00427,38,0.6,342,90,230,256,12
D00428,40,0.6,560,142,230,256,12
D00429,38,0.6,360,94,215,256,12
D00430,40,0.7,330,82,230,256,12
D00431,38,0.6,360,94,180,192,2
D00432,38,0.6,480,127,230,256,12
D00433,38,0.6,514,134,240,256,2
D00434,35,0.6,296,84,170,192,16
D00435,38,0.7,330,87,26,192,80
D00436,35,0.6,282,80,170,192,16
D00437,38,0.6,336,89,230,256,12
D00438,38,0.6,336,85,230,256,12
D00439,38,0.6,532,138,230,256,12
D00440,40,0.6,384,94,230,256,12
D00441,38,0.6,264,85,230,256,12
D00442,38,0.6,336,89,230,256,12
D00443,38,0.6,784,204,230,256,12
D00444,38,0.6,456,120,230,256,12
D00445,38,0.6,264,71,230,256,12
D00446,38,0.6,456,120,230,256,12
D00447,38,0.6,456,120,230,256,12
D00448,38,0.6,272,72,230,256,12
D00449,38,0.6,530,140,230,256,12
D00450,40,0.6,392,99,230,256,12
D00451,40,0.6,392,99,230,256,12
D00452,38,0.6,342,95,170,192,16
D00453,40,0.6,464,117,230,256,12
D00454,40,0.6,682,171,230,256,12
D00455,38,0.65,438,116,230,256,12
D00456,38,0.6,380,100,230,256,12
D00457,38,1.2,114,26,230,256,12
D00458,38,1.2,114,26,200,256,11
D00459,38,0.65,458,120,230,256,12
D00460,38,0.6,272,72,230,256,12
D00461,40,0.6,348,87,230,256,12
D00462,40,0.6,348,87,230,256,12
D00463,40,0.6,432,108,230,256,12
D00464,40,0.6,456,114,230,256,12
D00465,40,0.6,358,89,230,256,12
D00466,38,0.6,456,121,230,256,12
D00467,40,0.6,430,108,230,256,12
D00468,38,0.6,402,106,230,256,12
D00469,38,0.6,456,120,70,192,32
D00470,40,0.6,4192,1048,335,384,8
D00471,38,0.6,552,145,230,256,12
D00472,40,0.7,360,89,230,256,12
D00473,40,0.7,360,89,230,192,8
D00474,40,0.6,350,88,230,256,12
D00475,40,0.6,350,88,230,256,12
D00476,38,0.6,430,113,230,256,12
D00477,38,0.6,456,120,230,256,12
D00478,38,0.6,358,94,230,256,12
D00479,40,0.6,282,70,230,256,12
D00480,38,0.6,456,120,230,256,12
D00481,38,0.6,362,95,230,256,12
D00482,38,0.6,516,136,230,256,12
D00483,40,0.6,864,216,230,256,12
D00484,38,0.6,274,72,230,256,12
D00485,38,0.6,522,137,230,256,12
D00486,38,0.6,376,99,230,256,12
D00487,38,0.6,398,105,230,256,12
D00488,40,0.6,132,34,230,256,12
D00489,38,0.6,530,140,230,256,12
D00490,38,0.6,462,121,230,256,12
D00491,40,0.6,96,24,23,256,84
D00492,38,1.2,180,38,210,256,12
D00493,38,0.6,462,124,230,256,12
D00494,38,0.6,540,140,230,256,12
D00495,38,0.6,456,120,230,256,12
D00496,38,0.6,392,103,230,256,12
D00497,38,0.7,272,68,230,256,12
D00498,40,0.6,302,75,230,256,12
D00499,40,0.6,302,75,230,256,12
D00500,38,0.6,450,118,230,256,12
D00501,38,0.6,490,129,230,256,12
D00502,38,0.6,456,120,230,256,12
D00503,38,0.6,392,102,230,256,12
D00504,38,0.6,366,97,230,256,12
D00505,38,0.6,230,60,230,256,12
D00506,40,0.8,3984,983,426,256,6
D00507,38,0.6,334,88,230,256,12
D00508,38,0.6,334,88,230,256,12
D00509,38,0.6,374,98,230,256,12
D00510,38,0.6,212,55,230,256,12
D00511,38,0.6,420,110,230,256,12
D00512,38,0.6,384,100,230,256,12
D00513,38,0.6,478,126,230,256,12
D00514,32,0.6,552,170,230,256,12
D00515,38,0.6,368,97,230,256,12
D00516,38,0.6,224,60,230,256,12
D00517,42,0.6,224,56,170,192,16
D00518,38,1.2,216,52,210,256,12
D00519,40,0.8,2484,616,415,256,6
D00520,40,0.6,464,117,230,256,12
D00521,36,0.7,344,95,230,256,12
D00522,38,0.6,208,55,17,256,96
D00523,40,0.7,464,117,230,256,12
D00524,38,0.75,316,102,230,256,12
D00525,38,0.6,288,76,230,256,12
D00526,40,0.6,462,116,230,256,12
D00527,40,0.8,3824,956,322,256,6
D00528,38,0.6,320,84,230,256,12
D00529,40,0.65,432,108,230,256,12
D00530,38,0.6,544,143,230,256,12
D00531,42,0.6,116,55,30,256,72
D00532,38,0.6,170,45,230,256,12
D00533,38,0.6,490,130,230,256,12
D00534,38,0.6,400,106,230,256,12
D00535,42,0.6,482,115,170,192,16
D00536,40,0.75,320,80,230,256,12
D00537,38,0.75,300,75,230,256,12
D00538,42,0.7,528,125,170,192,16
D00539,38,0.6,442,116,230,256,12
D00540,40,0.6,576,140,230,256,12
D00541,40,0.75,322,80,230,256,12
D00542,42,0.6,530,126,230,256,12
D00543,40,0.89,576,140,230,256,12
D00544,38,0.6,376,100,230,256,12
D00545,38,0.6,398,103,230,256,12
D00546,40,0.8,562,125,170,192,16
D00547,40,0.7,644,160,460,256,6
D00548,40,0.89,576,140,230,256,12
D00549,42,0.6,530,126,39,192,64
D00550,38,0.6,250,66,230,256,12
D00551,38,0.6,454,120,230,256,12
D00552,40,0.6,464,117,100,256,24
D00553,36,0.6,448,125,230,256,12
D00554,38,0.6,390,102,230,256,12
D00555,32,0.35,344,108,225,256,12
D00556,40,0.8,120,30,27,192,80
D00557,38,0.6,260,68,230,256,12
D00558,40,0.65,432,108,230,256,12
D00559,38,0.6,320,85,230,256,12
D00560,38,0.6,278,73,230,256,12
D00561,38,0.6,550,145,230,256,12
D00562,38,0.6,462,122,230,256,12
D00563,40,0.7,456,114,230,256,12
D00564,40,0.65,432,108,230,256,12
D00565,38,0.8,624,165,170,192,16
D00566,42,0.6,216,51,170,192,16
D00567,35,0.7,90,26,35,192,64
D00568,38,0.7,130,34,28,192,64
D00569,38,0.6,320,85,170,192,16
D00570,35,0.7,112,35,24,158,76
D00571,35,0.7,112,33,24,96,64
D00572,38,0.6,456,120,170,192,16
D00573,40,0.7,200,50,170,192,16
D00574,40,0.7,180,45,13,192,96
D00575,38,0.7,240,65,170,192,16
D00576,38,0.6,312,82,22,192,80
D00577,40,0.8,64,8,11,256,108
D00578,38,0.6,144,38,20,192,96
D00579,38,0.7,192,51,170,192,16
D00580,38,0.7,320,84,49,192,72
D00581,40,0.8,64,16,11,192,128
D00582,38,0.7,600,160,170,192,16
D00583,40,0.8,1680,420,170,192,16
D00584,38,1.3,486,128,180,192,16
D00585,35,1,224,65,40,192,64
D00586,42,0.6,224,56,170,192,16
D00587,40,0.6,384,96,170,192,16
D00588,40,0.6,280,70,170,192,16
D00589,40,0.6,496,124,170,192,16
D00590,32,0.3,286,90,170,192,16
D00591,32,0.3,286,90,170,192,16
D00592,38,0.8,1976,520,340,192,8
D00593,35,0.6,482,138,170,192,16
D00594,35,0.6,482,138,170,192,16
D00595,40,0.6,192,48,26,192,80
D00596,38,0.8,2280,600,340,192,8
D00597,41,0.6,440,108,170,192,16
D00598,40,0.6,192,48,170,192,16
D00599,38,0.6,168,45,25,96,64
D00600,40,0.6,466,116,170,192,32
D00601,38,0.7,454,120,60,192,32
D00602,40,0.65,2240,560,170,192,32
D00603,35,0.6,504,144,170,192,32
D00604,35,0.6,504,144,170,192,32
D00605,38,0.6,88,22,170,192,16
D00606,38,0.6,304,80,170,192,16
D00607,35,0.7,386,110,170,192,16
D00608,35,0.7,386,110,170,192,16
D00609,42,0.6,392,92,170,192,16
D00610,40,0.8,526,132,170,192,16
D00611,40,,,132,170,192,16
D00612,38,0.7,352,93,170,192,16
D00613,38,0.8,540,142,165,192,16
D00614,40,0.6,96,24,24,192,80
D00615,38,0.7,284,75,60,192,64
D00616,38,0.7,284,75,60,192,64
D00617,38,0.7,94,25,19,192,96
D00618,38,0.7,94,25,19,192,96
D00619,38,0.7,284,75,60,192,64
D00620,38,0.7,94,25,19,192,96
D00621,38,0.7,418,110,170,192,16
D00622,40,0.7,248,62,170,192,16
D00623,35,0.8,120,35,44,192,48
D00624,38,0.6,208,55,35,192,64
D00625,35,0.7,248,72,45,192,48
D00626,45,1.3,88,20,18,192,96
D00627,42,1,88,20,37,192,64
D00628,42,1,88,20,37,192,64
D00629,38,0.7,376,100,52,192,32
D00630,35,0.7,376,100,52,192,32
D00631,38,0.7,456,119,55,192,48
D00632,38,0.7,920,220,37,256,48
D00633,35,0.7,112,33,24,192,80
D00634,35,0.8,112,35,30,192,80
D00635,35,0.8,336,96,60,192,32
D00636,40,0.7,560,140,170,192,16
D00637,40,0.7,168,41,25,192,80
D00638,40,0.65,120,30,27,192,80
D00639,40,0.7,572,150,170,192,16
D00640,40,0.7,572,150,170,192,16
D00641,35,0.8,100,28,22,48,66
D00642,35,0.8,100,28,22,96,64
D00643,42,0,1000,238,180,192,210
D00644,35,0.65,146,42,22,192,80
D00645,40,0.65,312,78,165,192,16
D00646,40,0.7,272,68,170,192,16
D00647,40,0.7,288,70,230,256,12
D00648,38,0.6,1162,305,180,192,163
D00649,35,0.7,530,150,60,192,32
D00650,40,0.5,560,140,170,192,16
D00651,35,0.7,530,150,60,192,32
D00652,35,0.7,256,66,170,192,16
D00653,38,0.65,56,15,40,64,48
D00654,38,0.65,56,15,26,64,96
D00655,35,0.7,530,152,60,256,32
D00656,35,0.7,530,152,60,256,32
D00657,35,0.7,256,66,170,192,16
D00658,35,0.6,88,26,170,192,16
D00659,40,0.7,136,33,14,192,128
D00660,38,0.6,286,75,37,192,64
D00661,38,,,75,75,192,64
D00662,38,0.6,176,46,25,64,64
D00663,38,0.6,88,24,25,96,64
D00664,38,0.6,120,30,25,96,64
D00665,42,0.6,480,115,75,192,32
D00666,40,0.7,176,44,16,192,80
D00667,40,0.7,104,27,60,192,32
D00668,32,0.35,228,72,170,192,16
D00669,32,0.6,456,142,170,192,16
D00670,40,0.65,40,10,30,192,80
D00671,40,0.65,262,65,60,192,32
D00672,38,0.6,456,120,170,192,16
D00673,40,0.6,222,56,50,192,48
D00674,38,0.6,326,85,170,192,16
D00675,40,0.7,320,80,170,192,16
D00676,40,0.65,184,46,30,192,64
D00677,38,0.7,418,110,230,256,12
D00678,40,0.6,100,27,170,192,16
D00679,40,0.6,320,80,170,192,16
D00680,40,0.6,168,42,170,192,16
D00681,40,0.6,322,81,170,192,16
D00682,38,0.6,448,117,170,192,16
D00683,40,0.6,394,95,170,192,16
D00684,38,0.6,448,106,30,192,64
D00685,40,0.7,88,22,16,192,80
D00686,40,0.6,458,115,170,192,16
D00687,40,0.6,394,104,170,192,16
D00688,38,0.6,168,45,25,192,80
D00689,40,0.5,368,92,170,192,16
D00690,40,0.65,2156,536,170,192,16
D00691,40,0.65,2156,536,170,192,16
D00692,40,0.8,3374,840,355,192,8
D00693,40,0.65,240,60,35,192,64
D00694,35,0.6,160,46,170,192,16
D00695,40,0.6,458,115,170,192,16
D00696,38,0.6,64,17,40,192,64
D00697,40,0.6,560,140,170,192,16
D00698,40,1,80,20,16,158,114
D00699,40,1,80,20,16,158,114
D00700,40,0.7,88,22,25,256,48
D00701,38,0.8,1404,370,170,192,16
D00702,38,0.6,300,77,170,192,16
D00703,32,0.7,182,54,170,192,16
D00704,40,0.7,84,22,16,192,112
D00705,38,0.7,240,63,34,192,64
D00706,40,0.8,432,100,170,192,16
D00707,32,0.7,144,45,32,158,76
D00708,38,0.6,464,122,160,192,16
D00709,40,0.65,448,115,170,192,16
D00710,40,0.65,240,60,35,192,64
D00711,40,0.6,388,96,87,256,24
D00712,40,0.6,376,95,170,192,16
D00713,38,0.9,76,20,76,192,32
D00714,38,0.9,76,20,73,192,32
D00715,32,0.7,182,54,35,158,57
D00716,38,0.6,342,90,170,192,16
D00717,40,0.6,1016,255,170,192,16
D00718,38,0.6,116,30,19,192,96
D00719,38,0.6,116,30,19,192,96
D00720,40,0.65,448,115,170,192,16
D00721,38,0.6,456,120,170,192,16
D00722,40,0.6,328,82,320,192,8
D00723,40,0.6,328,82,320,192,8
D00724,40,0.6,328,82,320,192,8
D00725,40,0.6,184,46,20,192,64
D00726,40,0.6,184,46,20,192,64
D00727,38,0.7,240,63,34,192,64
D00728,38,0.65,440,117,80,192,32
D00729,38,0.6,272,72,170,192,16
D00730,38,0.6,456,121,170,192,16
D00731,38,0.6,240,63,70,192,32
D00732,38,0.7,72,15,60,192,32
D00733,38,0.6,530,140,170,192,16
D00734,38,1.2,180,38,60,256,36
D00735,38,0.6,456,120,170,192,16
D00736,38,0.6,456,120,170,192,16
D00737,40,0.7,330,82,35,192,48
D00738,38,0.7,176,45,170,192,16
D00739,42,0.7,330,82,170,192,16
D00740,40,0.7,330,82,60,256,36
D00741,38,0.7,114,16,21,192,80
D00742,38,0.7,114,30,60,158,38
D00743,38,1.2,114,26,170,192,16
D00744,40,0.7,330,82,80,256,24
D00745,40,0.6,456,113,40,192,64
D00746,38,0.6,240,62,13,192,128
D00747,38,0.6,386,102,90,192,556
D00748,38,1,114,30,15,158,114
D00749,38,0.6,416,108,84,192,32
D00750,38,0.6,170,45,170,192,16
D00751,64,0.6,102,27,33,192,64
D00752,38,0.6,416,108,84,192,32
D00753,42,1.3,214,55,31,192,64
D00754,38,0.8,194,55,21,192,96
D00755,40,0.7,1600,950,304,256,6
D00756,38,0.8,194,55,21,192,96
D00757,42,1.3,214,55,31,192,64
D00758,38,0.7,384,100,170,192,16
D00759,38,0.7,384,100,30,192,16
D00760,38,0.6,48,12,41,192,48
D00761,38,0.8,194,55,16.5,256,96
D00762,38,0.6,216,58,230,256,12
D00763,38,0.7,418,110,230,256,12
D00764,38,0.8,456,119,230,256,12
D00765,40,0.6,446,112,230,256,12
D00767,38,0.6,408,108,230,256,12
D00768,40,0.6,320,80,230,256,12
D00769,38,0.7,418,110,180,192,2
D00774,40,0.6,72,20,170,192,2
D00775,40,0.6,432,108,230,256,12
D00776,40,0.6,216,54,230,256,12
D00780,30,0,224,74,155,158,2
D00781,30,0,306,102,158,192,2
D00782,28,0,694,230,190,192,217
D00784,30,0,360,120,240,256,12
D00785,28,0,4484,1590,190,192,29
D00786,32,0,96,30,97,256,24
D00787,30,0,96,32,240,256,12
D00788,28,0,368,127,240,256,12
D00789,30,0,250,84,240,256,12
D00790,28,,,80,160,158,2
D00791,30,0,96,32,220,256,12
D00792,32,0,200,62,240,256,12
D00793,32,0,200,62,95,256,24
D00794,30,0,470,157,240,256,12
D00795,28,0,304,103,140,158,38
D00796,28,0,266,95,240,256,12
D00797,28,0,266,95,240,256,12
D00798,28,0,288,90,60,192,32
D00799,30,0,280,94,18,192,80
D00800,32,0,288,96,240,256,12
D00801,30,0,252,84,65,192,32
D00802,30,0,234,78,240,256,12
D00803,30,0,376,126,180,192,16
D00804,30,0,252,84,78,158,38
D00805,30,0,252,86,160,192,32
D00806,30,0,312,105,180,192,16
D00807,30,0,362,120,240,256,12
D00808,30,0,246,82,180,192,16
D00809,28,0,304,107,65,158,38
D00810,28,0,368,132,70,192,32
D00811,32,0,200,62,62,158,38
D00812,32,0,408,128,240,256,12
D00813,32,0,864,270,150,158,185
D00814,28,0,320,114,240,256,12
D00815,38,0,320,101,240,256,12
D00816,30,0,242,81,240,256,12
D00817,25,0,600,175,187,192,285
D00818,25,0,600,175,187,192,285
D00819,32,0,438,137,230,256,12
D00820,32,0,442,138,240,256,12
D00821,32,0,414,129,230,256,12
D00822,30,0,320,114,180,192,16
D00823,32,0,582,182,230,256,12
D00824,32,0,512,160,430,256,6
D00825,32,0,1014,316,240,256,158
D00826,32,0,512,160,230,256,12
D00827,28,0,352,125,90,256,24
D00828,32,0,442,139,240,256,12
D00829,32,0.600000024,672,220,210,256,12
D00830,30,0,520,173,190,192,2
D00831,30,0,208,70,38,192,48
D00833,30,0,248,82,22,192,80
D00836,32,0,464,145,230,256,12
D00837,32,0,554,173,180,192,2
D00838,30,0,422,141,180,192,2
D00839,28,0,490,175,180,192,2
D00840,30,0,422,141,180,192,2
D00841,30,0,232,78,190,192,2
D00842,28,0,274,98,180,256,12
D00843,28,0,438,157,190,192,2
D00844,30,0,396,132,180,192,2
D00845,28,0,368,132,180,192,16
D00846,32,0,406,127,1450,192,2
D00847,28,0,2642,930,180,192,50
D00848,32,0,528,166,190,192,2
D00849,28,0,3870,1370,180,192,35
D00850,35,0,224,96,190,192,2
D00851,30,0,312,100,180,192,16
D00852,34,0,446,128,190,192,2
D00853,32,0,696,218,180,192,2
D00854,30,0,224,74,190,192,2
D00855,30,0,200,66,50,192,32
D00856,30,0,2174,740,180,192,64
D00857,30,0,208,70,180,192,16
D00858,28,0,112,40,47,192,999
D00859,28,0,240,85,180,192,16
D00860,30,0,260,82,95,256,48
D00861,28,0,800,230,190,192,217
D00862,28,0,280,80,90,192,500
D00863,25,0,746,298,190,192,167
D00864,25,0,746,298,190,192,167
D00865,28,0,266,95,180,192,16
D00866,28,0,266,95,180,192,16
D00867,28,0,266,95,80,192,32
D00868,28,0,266,95,80,192,32
D00869,28,0,266,95,80,192,32
D00870,28,0,266,95,80,192,32
D00871,28,0,124,44,30,192,64
D00872,30,0,234,78,165,192,16
D00873,32,0,528,166,180,192,16
D00874,35,0,280,96,190,192,16
D00875,32,0,848,265,180,192,189
D00876,35,0,280,90,180,192,16
D00877,32,0,146,45,170,192,16
D00878,64,0,86,27,33,192,64
D00879,32,0,1088,340,190,192,147
D00880,32,0,164,51,31,192,64
D00881,32,0,164,55,21,192,96
D00882,32,0,146,45,270,192,8
D00883,30,0,336,110,240,256,12
D00884,32,0,288,90,512,256,6
D00885,32,0,312,96,512,256,6
D00886,30,0,88,29,240,256,12
D00887,30,0,96,32,230,256,12
D00888,30,0,108,36,28,158,57
D00889,30,0,64,20,12,158,95
D00890,32,,,128,240,256,12
D00891,32,0,408,128,240,256,12
D00892,32,0,1434,450,150,158,111
D00893,32,0,438,137,230,256,12
D00894,32,0,706,220,230,256,12
D00895,32,0,348,109,240,256,12
D00896,32,0,348,109,240,256,12
D00897,32,0,1040,280,240,256,179
D00898,32,0,464,145,230,256,12
D00899,30,0,422,141,180,192,2
D00900,30,0,422,141,190,192,2
D00901,25,0,386,154,180,192,2
D00902,32,0,406,127,190,192,2
D00903,32,0,696,218,180,192,2
D00904,30,0,660,220,90,192,227
D00905,28,0,876,313,180,192,160
D00906,28,0,876,313,180,192,160
D00907,32,0,348,109,170,192,16
D00908,32,0,164,55,31,192,64
D00909,32,0,164,55,21,192,96
D00910,28,0,4080,171,240,256,12
D00911,28,0,480,171,220,256,12
D00912,34,0,306,90,230,256,12
D00913,34,0,306,90,180,192,16
D00914,38,0.6,240,60,205,256,12
D00915,32,0,408,128,240,256,12
D00917,38,1,1712,450,220,256,6
D00918,38,0.6,112,29,24,96,96
D00921,40,0.8,482,120,230,256,12
D00924,38,0.6,288,76,230,256,12
D00925,38,0.65,568,150,150,168,2
D00928,40,0.6,460,115,230,256,12
D00929,40,0.6,40,10,180,192,2
D00930,48,0.8,426,89,230,256,12
D00931,40,0.6,64,15,180,256,2
D00932,38,0.6,578,152,230,256,12
D00933,40,0.7,406,102,230,256,12
D00934,40,0.7,474,120,230,256,12
D00935,40,0.7,392,98,230,256,12
D00936,42,0.7,480,113,230,256,12
D00937,40,0.7,474,120,230,256,12
D00938,35,0.5,336,97,230,256,12
D00939,38,0.5,384,101,230,256,12
D00940,40,0.7,432,108,90,256,24
D00941,38,0.65,252,82,180,192,2
D00942,40,0.65,252,63,230,256,12
D00943,38,0.6,370,98,230,256,12
D00944,38,0.7,362,95,230,256,12
D00945,38,0.65,84,21,230,256,12
D00946,38,0.6,240,63,190,256,12
D00947,38,0.6,448,120,180,192,2
D00948,40,0.6,360,90,230,256,12
D00949,38,0.7,362,95,230,256,12
D00950,38,0.6,112,30,180,192,2
D00951,40,0.6,410,103,225,256,12
D00952,40,0.6,480,120,230,256,12
D00953,40,0.7,280,70,180,192,2
D00954,36,0.6,446,123,230,256,12
D00955,40,0.6,422,106,230,256,12
D00956,38,0.6,512,135,230,256,12
D00957,38,0.65,572,150,230,256,12
D00958,40,0.65,240,60,230,256,12
D00959,42,0.6,104,26,210,256,12
D00960,40,0.65,240,60,180,192,2
D00961,40,0.65,240,60,180,192,2
D00962,38,0.6,582,152,230,256,12
D00963,38,0.65,388,102,230,256,12
D00964,40,0.6,128,32,180,192,2
D00965,40,0.6,462,115,230,256,12
D00966,40,0.7,226,57,180,192,2
D00967,40,0.8,100,26,180,192,2
D00968,38,0.6,624,170,230,256,12
D00969,40,0.7,104,24,180,192,2
D00970,40,0.6,462,115,230,256,12
D00971,42,0.7,112,27,180,192,2
D00972,40,0.6,96,24,180,192,2
D00973,40,0.6,96,24,180,192,2
D00974,38,0.6,382,100,230,256,12
D00975,40,0.65,686,170,180,192,2
D00976,40,0.7,352,88,180,256,2
D00977,38,0.5,98,26,180,192,2
D00978,40,0.7,608,154,230,256,12
D00979,40,0.6,762,190,230,256,12
D00980,38,0.6,578,152,230,256,12
D00981,40,0.65,240,60,180,192,2
D00982,38,0.6,418,110,230,256,12
D00983,40,0.6,252,63,180,192,2
D00984,40,0.65,1160,290,180,192,2
D00985,40,0.7,120,30,180,96,2
D00986,40,0.65,584,146,240,256,2
D00987,40,0.6,480,120,230,256,12
D00988,40,0.6,400,106,230,256,12
D00989,38,0.6,522,137,230,256,12
D00990,38,0.7,390,103,180,192,2
D00991,38,0.6,450,118,230,256,12
D00992,38,0.6,264,70,45,192,2
D00993,38,0.6,388,102,165,192,2
D00994,38,0.6,134,35,30,192,64
D00995,38,,,143,150,192,16
D00996,38,0.7,72,10,15,192,96
D00997,40,0.6,112,28,25,192,64
D00998,40,0.6,112,30,20,168,72
D00999,38,0.6,96,25,29,192,72
D01000,40,0.6,128,32,38,168,54
D01001,40,0.6,264,66,40,192,48
D01002,40,0.7,608,154,150,192,16
D01003,40,0.6,112,30,20,192,64
D01004,40,0.6,112,30,20,192,64
D01005,48,0.6,426,89,170,192,16
D01006,38,0.65,456,120,170,192,16
D01007,40,0.7,562,140,230,256,12
D01008,38,0.6,288,76,230,256,12
D01009,40,0.6,460,115,230,256,12
D01010,38,0.6,152,40,220,256,12
D01011,40,0.7,392,98,230,256,12
D01012,38,0.5,120,32,230,256,12
D01013,40,0.6,420,105,230,256,12
D01014,40,0.7,360,88,230,256,12
D01015,38,,,98,230,256,12
D01016,38,0.6,370,98,230,256,12
D01020,40,0.7,496,124,180,192,2
D01021,40,0.6,480,120,230,256,12
D01022,40,0.6,480,120,230,256,12
D01023,40,0.7,506,127,160,192,2
D01024,40,0.6,480,120,230,256,12
D01025,38,0.6,418,110,230,256,12
D01026,38,0.6,522,98,180,192,2
D01027,38,0.6,522,137,230,256,12
D01028,40,0.6,320,80,28,168,72
D01029,38,0.5,544,143,150,168,18
D01030,40,0.7,218,60,67,192,64
D01031,40,0.7,320,80,22,192,64
D01032,38,0.7,606,160,230,256,12
D01033,38,0.7,606,160,230,256,12
D01034,38,0.7,606,160,230,256,12
D01035,38,0.7,606,160,100,256,24
D01036,38,0.7,606,160,230,256,12
D01037,32,0.35,430,120,230,256,12
D01038,40,0.8,400,101,230,256,12
D01039,40,0.7,438,110,230,256,12
D01040,40,0.6,400,100,230,256,12
D01041,40,0.6,352,87,230,256,12
D01042,40,0.6,210,52,230,256,12
D01043,40,0.6,80,20,230,256,12
D01044,38,0.6,230,37,230,256,12
D01045,38,0.6,152,40,230,256,12
D01046,38,0.7,496,131,230,256,12
D01047,38,0.6,440,115,230,256,12
D01048,40,0.6,640,160,230,256,12
D01049,38,0.6,512,130,230,256,12
D01050,35,0.7,180,52,230,256,12
D01051,38,0.6,528,140,230,256,12
D01052,40,0.6,252,67,230,256,12
D01053,38,0.6,326,85,230,256,12
D01054,35,0.6,264,77,230,256,12
D01055,40,0.7,330,82,230,256,12
D01056,40,0.6,264,121,230,256,12
D01057,38,0.6,342,90,230,256,12
D01058,38,0.5,544,143,150,192,16
D01059,32,0.7,60,18,22,192,64
D01060,40,0.7,168,42,32,192,48
D01061,38,0.6,456,120,170,192,16
D01062,40,0.6,372,92,170,192,16
D01063,40,0.6,462,115,170,192,16
D01064,33,0.6,288,90,35,192,64
D01065,33,0.6,288,90,35,192,64
D01066,40,0.6,470,118,170,192,16
D01067,40,0.6,352,88,170,192,16
D01068,38,0.6,424,111,170,192,16
D01069,35,0.6,92,26,30,192,64
D01070,32,0.6,56,17,170,192,16
D01071,38,0.6,578,152,170,192,16
D01072,38,0.65,360,100,164,192,16
D01073,38,0.6,288,76,170,192,16
D01074,38,0.65,502,132,170,192,16
D01075,35,0.6,92,26,30,192,64
D01076,38,0.6,152,40,170,192,16
D01077,48,0.6,426,89,170,192,16
D01078,40,0.7,168,42,170,192,16
D01079,38,0.6,160,42,35,192,64
D01080,38,0.6,360,96,180,192,16
D01081,48,0.7,366,78,80,192,32
D01082,38,0.7,230,51,38,96,64
D01083,38,0.7,480,125,170,192,32
D01084,40,0.7,392,98,170,192,16
D01085,40,0.7,392,98,170,192,16
D01086,40,0.7,406,102,170,192,16
D01087,38,0.6,288,76,170,192,16
D01088,40,0.7,392,98,92,192,32
D01089,40,0.65,400,110,28,192,64
D01090,40,0.6,252,63,170,192,16
D01091,40,0.6,456,114,170,192,16
D01092,32,0.5,394,123,170,192,16
D01093,35,0.5,302,86,170,192,16
D01094,35,0.5,420,121,170,192,16
D01095,38,0.5,298,78,170,192,16
D01096,38,0.5,242,86,170,192,16
D01097,38,0.5,216,57,170,192,16
D01098,38,0.6,490,127,170,192,16
D01099,40,0.6,480,120,170,192,16
D01100,38,0.65,56,15,40,192,64
D01101,38,0.65,56,15,40,192,48
D01102,40,0.6,566,142,170,192,16
D01103,40,0.6,96,24,170,192,16
D01104,38,0.6,144,37,160,192,16
D01105,40,0.7,392,98,170,192,16
D01106,38,0.6,690,182,170,192,16
D01107,40,0.7,136,33,14,192,128
D01108,32,0.7,322,100,170,192,16
D01109,38,0.6,370,98,170,192,16
D01110,40,0.7,136,33,16,192,128
D01111,40,0.65,362,90,170,192,16
D01112,40,0.65,272,68,30,192,64
D01113,38,0.6,370,98,28,192,48
D01114,40,0.9,222,55,32,192,64
D01115,38,0.9,162,41,32,192,32
D01116,35,0.9,92,26,15,72,126
D01117,38,0.9,112,27,15,72,126
D01118,42,0.6,104,26,170,192,16
D01119,40,0.6,504,126,170,192,16
D01120,40,0.8,1076,269,80,192,32
D01121,40,0.6,418,105,170,192,16
D01124,32,0,138,44,240,256,12
D01125,30,0,478,160,100,256,24
D01126,32,0,240,73,240,256,12
D01128,32,0,392,135,210,256,12
D01129,30,0,96,32,180,192,2
D01130,28,0,72,26,30,192,64
D01131,28,0,354,122,170,256,2
D01132,38,0,448,120,190,192,2
D01133,28,0,342,122,165,192,16
D01134,28,0,354,127,170,168,2
D01135,30,0,478,160,240,256,12
D01136,30,0,478,160,100,256,24
D01137,32,0,96,30,18,168,108
D01138,30,0,372,124,190,192,2
D01139,30,0,372,124,190,192,2
D01140,30,0,478,160,240,256,12
D01141,30,0,478,160,240,256,12
D01142,30,0,360,125,230,256,12
D01143,30,0,302,100,230,256,12
D01144,40,1.25,132,33,30,48,64
D01145,32,0,348,109,98,256,24
D01146,32,0,348,109,63,256,36
D01147,40,1.2,264,66,57,62,50
D01148,32,0,0,91,230,256,12
D01149,38,0.6,540,140,165,192,16
D01150,38,0.8,272,71,240,256,2
D01151,38,0.6,540,140,260,192,8
D01152,38,0.6,540,140,225,256,12
D01153,38,0.7,456,120,230,256,12
D01154,38,0.8,272,72,230,256,12
D01155,32,0.4,128,35,220,256,12
D01156,38,0.6,540,120,230,256,12
D01157,40,1.15,296,71,25,256,72
D01158,38,1.070000052,0,44,24,256,72
D01159,38,0.7,456,120,230,256,12
D01160,40,0.889999986,0,91,230,256,12
D01162,38,,,122,170,192,16
D01163,38,,,82,180,192,2
D01164,38,0.7,72,15,230,256,12
D01165,38,0.7,72,18,230,256,12
D01166,38,0.7,72,18,230,256,12
D01167,40,0.89,576,140,230,256,12
D01168,40,0.8,80,20,230,256,12
D01169,40,0.8,80,20,230,256,12
D01170,38,0.7,72,18,230,256,12
D01171,38,0.6,112,30,170,192,16
D01172,40,0.9,2900,725,210,256,12
D01173,40,0.8,248,62,180,192,2
D01174,40,1,1628,407,143,256,12
D01175,40,0.6,192,48,230,256,12
D01176,40,0.8,432,96,230,256,12
D01177,40,0.8,420,105,160,192,2
D01178,38,1,4372,1150,762,192,2
D01179,40,0.8,2156,536,170,256,12
D01180,40,0.8,208,52,165,192,2
D01181,38,1,2966,775.5,222.6,256,6
D01182,42,1.98,1560,368,208,256,12
D01183,40,0.8,352,88,150,192,2
D01184,38,1,2634,688,300,256,6
D01185,40,1,1720,420,120,256,12
D01186,38,1,450,119,180,192,2
D01187,38,1,2634,688,342,256,6
D01188,38,1,120,32,180,192,2
D01189,40,0.8,208,52,180,192,2
D01190,40,1,384,96,140,158,2
D01191,40,0.8,1524,381,390,256,6
D01192,40,0.9,80,20,80,256,36
D01193,40,1,400,100,190,158,2
D01194,40,0.8,3720,930,790,256,3
D01195,40,0.9,120,30,80,256,24
D01196,40,1,392,98,140,158,2
D01197,38,0.8,2110,555,725,256,3
D01198,40,0.9,120,30,80,256,24
D01199,40,1,396,100,140,158,2
D01200,40,1,6580,1640,1580,256,1
D01201,40,0.9,120,30,80,256,24
D01202,40,1,384,96,140,158,2
D01203,40,0.6,1482,366,312,256,6
D01204,40,0.7,2420,605,230,256,12
D01205,40,0.6,3200,800,1000,192,2
D01206,38,0.8,1250,328,655,256,3
D01207,40,0.8,2156,20,80,256,24
D01208,40,0.9,676,169,240,256,2
D01209,40,0.8,1686,422,749,256,3
D01210,40,0.8,432,100,230,256,12
D01211,40,0.8,360,90,180,192,2
D01212,40,0.8,1574,394,681,256,3
D01213,40,0.8,80,20,230,256,12
D01214,40,0.8,128,40,180,192,2
D01215,40,0.8,5620,1405,1200,256,2
D01216,40,0.8,2640,660,176,256,12
D01217,40,0.8,96,24,634,192,2
D01218,40,0.8,5620,1405,1200,256,2
D01219,38,0.6,448,117,230,256,12
D01220,28,0.3,476,170,180,192,2
D01221,40,0.8,5100,1275,1200,256,2
D01222,40,0.8,80,20,230,256,12
D01223,40,0.8,3350,835,725,256,3
D01224,40,0.8,408,102,102,256,2
D01225,40,0.8,2036,509,700,256,2
D01226,40,0.8,408,102,102,256,2
D01227,40,0.8,1686,422,374,256,6
D01228,40,0.8,192,48,240,256,2
D01229,40,0.7,3800,950,304,256,6
D01230,40,0.8,5100,1275,1200,256,2
D01231,40,0.8,1788,447,790,256,3
D01232,40,0.8,236,509,700,256,2
D01233,40,0.9,5052,1263,1280,256,2
D01234,40,0.8,2036,509,700,158,3
D01235,40,0.9,5052,1263,1280,256,2
D01236,40,0.8,192,48,2000,158,2
D01237,40,0.8,5620,1405,1200,256,2
D01238,40,0.8,5620,96,2200,158,2
D01239,40,0.9,5052,1263,1280,256,2
D01240,40,0.8,2036,509,700,158,3
D01241,40,0.6,2260,561.7,429.6,256,6
D01242,35,0.6,578,170,185,192,2
D01243,35,0.6,350,100,170,192,16
D01244,40,0.6,394,99,230,256,12
D01245,40,0.65,2200,550,170,192,32
D01246,45,0.6,562,125,170,192,16
D01247,32,0.45,480,150,230,256,12
D01248,38,0.6,600,158,180,192,2
D01249,35,0.65,422,120,170,192,16
D01250,35,0.6,240,67,230,256,12
D01251,38,0.6,360,95,340,192,8
D01252,42,0.7,534,127,170,192,16
D01253,38,0.7,486,128,180,192,2
D01254,40,0.9,2920,725,155,192,16
D01255,40,0.7,400,100,155,256,12
D01256,38,0.7,558,146,170,192,16
D01257,40,0.8,3858,983,386,256,6
D01258,40,0.9,2088,519,230,256,12
D01259,40,1,52,13,180,192,2
D01260,40,0.9,676,169,180,192,2
D01261,38,0.6,676,169,180,192,2
D01262,38,0.6,90,24,180,192,2
D01263,38,0.6,3576,889,83,256,12
D01264,40,0.8,416,991,410,256,6
D01265,40,0.9,2900,725,210,256,12
D01266,40,0.8,248,62,180,192,2
D01267,40,0.8,64,16,150,192,2
D01268,40,0.8,420,105,160,192,2
D01269,40,0.8,208,52,165,192,2
D01270,40,0.8,352,88,150,192,2
D01271,40,0.9,2900,725,210,256,12
D01272,40,1.4,400,100,60,192,48
D01273,40,0.7,2560,660,176,192,16
D01274,40,0.8,248,62,180,192,2
D01275,42,,,120,165,192,2
D01276,38,0.6,168,44,46,192,2
D01277,38,0.6,168,44,46,48,2
D01278,38,0.6,168,44,46,192,2
D01279,40,0.9,2088,519,206,256,12
D01280,40,0.6,408,102,240,256,2
D01281,40,0.6,80,20,60,256,36
D01282,40,0.8,126,31,240,256,2
D01283,40,0.8,3200,1000,76,192,16
D01284,40,0.7,3144,786,160,256,12
D01285,40,0.8,64,16,240,256,2
D01286,40,0.7,3144,786,160,256,12
D01287,40,0.8,252,63,240,256,2
D01288,40,1.2,84,21,70,256,24
D01289,40,0.8,252,63,240,256,2
D01290,40,0.7,120,30,80,256,24
D01291,40,0.7,120,30,80,256,24
D01292,37,0.75,216,58,30,192,63
D01293,37,0.88,216,58,38,192,63
D01294,38,0.6,144,36,180,192,2
D01295,42,0.55,3928,935,170,256,6
D01296,40,0.6,608,152,170,192,16
D01297,30,0.5,180,57,30,158,76
D01298,42,1.98,1560,368,208,256,12
D01299,38,0.7,160,42,180,192,2
D01300,38,0.9,3954,1035,1030,256,2
D01301,34,0.9,126,36,57,192,32
D01302,34,0.9,126,36,57,192,32
D01303,42,1.98,1560,368,208,256,12
D01304,38,0.7,158,41,180,192,2
D01305,40,0.7,1920,480,338,256,6
D01306,38,0.6,1576,414,174,192,32
D01307,42,0.95,480,109,25,158,76
D01308,38,0.7,156,41,180,192,2
D01309,32,0.6,360,112,23,192,80
D01310,38,0.7,144,38,180,192,2
D01311,38,0.6,1096,288,144,192,32
D01312,38,0.7,144,38,180,192,2
D01313,42,1.98,1560,368,208,256,12
D01314,38,0.7,166,44,180,192,2
D01315,40,0.6,920,234,170,256,12
D01316,42,1.98,1560,368,208,256,12
D01317,34,0.6,1936,560,170,256,12
D01318,35,0.6,416,110,230,256,12
D01319,32,0.6,360,112,65,192,32
D01320,42,1.98,1560,368,208,256,12
D01321,40,0.6,360,90,130,192,2
D01322,64,0.6,36,11,27,192,64
D01323,38,0.6,208,56,230,256,12
D01324,38,1,450,119,180,192,2
D01325,38,0.9,84,22,57,192,48
D01326,38,0.6,290,76,180,192,2
D01327,38,0.9,84,22,15,192,112
D01328,40,0.7,482,120,240,256,2
D01329,35,0.85,224,64,32,192,64
D01330,38,0.7,116,30,230,256,12
D01331,40,0.7,482,120,230,256,12
D01332,40,0.649999976,0,32,180,192,2
D01333,38,0.6,164,43,230,256,12
D01334,40,0.699999988,0,367,330,192,2
D01335,38,0.600000024,0,51,50,192,32
D01336,38,0.899999976,0,50,57,192,48
D01337,38,0.9,3954,1035,1030,256,2
D01338,40,0.6,510,128,80,192,32
D01339,38,0.4,448,118,230,256,12
D01340,38,0.6,280,73,230,256,12
D01341,38,0.6,456,120,230,256,12
D01342,38,0.6,208,56,230,256,12
D01343,38,1,160,42,58,192,48
D01344,38,1,160,42,58,158,38
D01345,38,1,160,42,58,60,52
D01346,38,1,160,42,58,192,52
D01347,38,0.6,530,140,180,192,2
D01348,38,0.6,572,150,180,192,2
D01349,38,0.7,102,27,180,192,2
D01350,40,0.6,330,82,180,192,2
D01351,38,0.7,518,136,150,158,2
D01352,40,0.6,662,165,230,256,24
D01353,38,1.2,102,24,180,192,2
D01354,38,0.6,276,73,180,192,2
D01355,38,0.6,152,40,180,192,2
D01356,38,0.7,56,16,115,192,2
D01357,42,0.6,232,55,240,256,2
D01358,32,0.6,280,78,180,192,2
D01359,38,0.6,132,34,180,192,2
D01360,42,0.6,396,96,180,192,2
D01361,38,0.6,132,34,180,192,2
D01362,38,0.5,342,90,240,256,2
D01363,38,0.6,418,110,180,192,2
D01364,38,0.3,240,63,180,192,2
D01365,38,0.6,96,27,18,48,64
D01366,35,0.8,414,119,59,62,2
D01367,35,0.8,432,124,59,62,2
D01368,35,1,294,82,57,62,51
D01369,38,1,184,51,57,62,51
D01370,38,1,192,54,57,62,51
D01371,38,0.8,168,48,55,62,51
D01372,38,1,392,112,57,62,51
D01373,35,0.8,270,78,60,62,2
D01374,35,0.8,396,112,55,62,51
D01375,35,0.8,186,50,60,62,2
D01376,38,1,294,78,57,62,51
D01377,35,0.8,270,75,57,62,51
D01378,38,0.6,84,23,12,48,132
D01379,35,0.6,60,17,15,64,144
D01380,32,0.8,56,16,57,62,51
D01381,34,0.8,104,30,57,62,51
D01382,34,0.8,56,17,57,62,51
D01383,35,0.8,228,61,57,62,51
D01384,35,0.8,420,120,57,62,51
D01385,38,0.6,80,21,18,48,64
D01386,38,0.6,80,21,18,48,64
D01387,35,0.6,578,170,185,192,2
D01388,38,0.6,344,90,170,192,2
D01389,32,0.6,285,95,58,62,49
D01390,32,0.6,360,112,57,192,32
D01391,38,1,206,49,22,192,96
D01392,42,0.95,206,48,65,192,32
D01393,38,0.95,206,48,80,192,32
D01394,38,0.84,880,210,170,192,16
D01395,42,0.8,876,230,190,256,12
D01396,38,0.85,1068,250,210,256,12
D01397,38,0.75,186,48,230,256,12
D01398,42,0.75,206,48,190,256,12
D01399,38,0.85,364,101,180,192,2
D01400,38,0.7,690,182,230,256,12
D01401,38,0.8,608,160,230,256,12
D01402,40,0.6,304,76,230,256,12
D01403,40,0.7,1468,367,330,192,8
D01404,40,0.65,384,96,230,256,12
D01405,38,0.6,480,126,230,256,12
D01406,38,0.6,512,135,230,256,12
D01407,38,0.6,434,114,230,256,12
D01408,35,0.4,160,45,36,256,60
D01409,38,0.6,384,102,230,256,12
D01410,40,0.6,520,130,230,256,12
D01411,40,0.6,344,86,230,256,12
D01412,32,0.6,320,100,230,256,12
D01413,40,0.6,394,99,230,256,12
D01414,40,0.7,440,110,230,256,12
D01415,45,1.2,216,47,115,256,24
D01416,42,0.6,562,134,230,256,12
D01417,38,0.6,354,93,230,256,12
D01418,45,1.2,150,34,135,192,16
D01419,45,1.2,258,57,110,192,16
D01420,40,0.6,550,138,230,256,12
D01421,40,0.6,560,138,230,256,12
D01422,35,0.45,310,88,230,256,12
D01423,38,0.6,244,64,180,192,2
D01424,38,0.6,174,46,230,256,12
D01425,38,0.6,264,70,180,192,2
D01426,42,0.6,114,27,45,192,2
D01427,40,0.6,328,82,180,192,2
D01428,40,0.7,606,151,180,192,2
D01429,40,0.7,410,102,180,192,2
D01430,40,0.6,482,120,180,192,2
D01431,35,0.7,234,66,180,192,2
D01432,38,0.65,160,40,230,256,12
D01433,40,0.65,192,48,230,256,12
D01434,38,0.65,72,18,230,256,12
D01435,40,0.7,252,62,230,256,12
D01436,40,0.6,192,48,230,256,12
D01437,38,0.6,350,92,230,256,12
D01438,40,0.6,394,98,230,256,12
D01439,40,0.6,128,32,230,256,12
D01440,40,0.6,400,101,230,256,12
D01441,40,0.7,176,44,180,192,2
D01442,38,0.6,302,79,230,256,12
D01443,34,0.6,110,33,230,256,12
D01444,38,0.6,120,32,180,192,2
D01445,38,0.7,558,143,150,192,2
D01446,38,0.7,60,15,60,62,2
D01447,38,0.7,192,60,180,192,2
D01448,40,0.7,234,57,59,62,2
D01449,38,0.6,192,50,180,192,2
D01450,38,0.6,56,15,180,192,2
D01451,38,0.6,562,148,180,192,2
D01452,38,0.6,426,112,230,256,12
D01453,38,0.6,114,30,230,256,12
D01454,38,0.6,384,101,180,192,2
D01455,38,0.6,336,90,230,256,12
D01456,38,0.6,358,94,180,192,2
D01457,38,0.6,590,155,180,192,2
D01458,38,0.6,486,128,230,256,12
D01459,38,0.6,80,20,230,256,12
D01460,38,0.6,112,29,230,256,12
D01461,40,0.65,344,86,230,256,12
D01462,40,0.4,448,112,230,256,12
D01463,40,0.6,338,85,230,256,12
D01464,38,0.6,272,72,230,256,12
D01465,40,0.6,104,26,230,256,12
D01466,40,0.6,496,125,180,192,2
D01467,38,0.6,120,32,180,192,2
D01468,38,0.6,258,68,230,256,12
D01469,38,0.6,562,148,180,192,2
D01470,40,0.6,108,26,230,256,12
D01471,40,0.6,504,124,230,256,12
D01472,35,0.6,240,67,230,256,12
D01473,38,0.6,362,96,230,256,12
D01474,42,0.6,768,179,230,256,12
D01475,38,0.6,408,107,230,256,12
D01476,38,0.6,240,63,230,256,12
D01477,40,0.6,480,120,230,256,12
D01478,40,0.4,448,112,230,256,12
D01479,38,0.6,320,77,230,256,12
D01480,40,0.6,328,81,230,256,12
D01481,35,0.6,432,124,180,192,2
D01482,38,0.6,384,101,230,256,12
D01483,38,0.6,318,84,230,256,12
D01484,38,0.6,360,94,215,256,12
D01485,38,0.6,232,62,230,256,12
D01486,38,0.6,374,96,230,256,12
D01487,40,0.6,240,60,230,256,12
D01488,38,0.6,132,34,230,256,12
D01489,40,0.6,390,97,230,256,12
D01490,38,0.6,152,39,230,256,12
D01491,38,0.6,490,129,230,256,12
D01492,38,0.6,490,129,230,256,12
D01493,38,0.6,368,98,230,256,12
D01494,38,0.6,96,26,230,256,12
D01495,38,0.6,376,99,230,256,12
D01496,38,0.6,640,170,230,256,12
D01497,38,0.6,640,170,230,256,12
D01498,38,1.2,78,16,210,256,12
D01499,36,0.6,432,120,230,256,12
D01500,36,0.6,432,120,230,256,12
D01501,38,0.6,486,128,230,256,12
D01502,38,0.6,562,148,107,256,24
D01503,38,0.6,440,116,230,256,12
D01504,38,0.6,160,42,230,256,12
D01505,35,0.45,336,94,230,256,12
D01506,38,0.6,344,90,230,256,12
D01507,38,0.6,330,86,230,256,12
D01508,38,0.6,384,100,230,256,12
D01509,38,0.6,448,117,200,256,12
D01510,38,0.6,408,107,230,256,12
D01511,38,0.6,456,119,230,256,12
D01512,38,0.6,456,120,230,256,12
D01513,38,0.7,456,120,230,256,12
D01514,38,0.6,240,63,230,256,12
D01515,38,0.6,358,94,230,256,12
D01516,38,0.6,528,137,230,256,12
D01517,38,0.6,380,100,230,256,12
D01518,38,0.6,542,142,230,256,12
D01519,38,0.6,320,85,170,192,16
D01520,42,0.6,398,95,170,192,16
D01521,38,0.6,448,118,170,192,16
D01522,38,0.6,150,39,170,192,16
D01523,42,0.6,386,92,170,192,16
D01524,42,0.6,432,103,170,192,16
D01525,42,0.65,502,119,170,192,16
D01526,42,0.6,554,140,170,192,16
D01527,38,0.6,498,131,170,192,16
D01528,38,0.6,478,126,170,192,16
D01529,42,0.6,376,90,170,192,16
D01530,38,0.6,200,54,170,192,16
D01531,40,0.6,560,140,170,192,16
D01532,35,0.6,366,105,170,192,16
D01533,38,0.6,156,45,28,192,64
D01534,38,0.6,156,41,28,192,64
D01535,42,0.6,430,102,170,192,16
D01536,40,0,0,160,170,192,16
D01537,42,0,0,110,170,192,16
D01538,42,0,0,82,58,192,32
D01539,42,0,0,82,170,192,16
D01540,42,0,0,27,30,192,64
D01541,38,0,0,80,170,192,16
D01542,38,0,0,122,170,192,16
D01543,40,0,0,106,170,192,16
D01544,40,0,0,113,170,192,16
D01545,40,0,0,113,170,192,16
D01546,38,0,0,51,170,192,16
D01547,40,0,0,44,170,192,16
D01548,38,0,0,30,170,192,16
D01549,42,0,0,80,170,192,16
D01550,40,0,0,95,192,192,16
D01551,38,0,0,22,170,192,16
D01552,42,0,0,55,170,192,16
D01553,40,0,0,104,170,192,16
D01554,40,0,0,84,170,192,16
D01555,40,0,0,84,170,192,16
D01556,38,0,0,114,170,192,16
D01557,45,0,0,99,160,192,32
D01558,45,0,0,56,80,192,32
D01559,38,0,0,114,230,256,12
D01560,38,0,0,120,230,256,12
D01561,38,0,0,20,230,256,12
D01562,40,0,0,88,170,192,16
D01563,38,0,0,79,170,192,16
D01564,45,0,0,57,80,192,32
D01565,45,0,0,22,80,192,32
D01566,32,0,0,145,170,192,16
D01567,42,0,0,25,68,158,38
D01568,42,0,0,37,68,158,38
D01569,40,0,0,64,60,192,32
D01570,40,0,0,97,60,192,32
D01571,36,0,0,50,60,192,32
D01572,42,0,0,65,65,158,38
D01573,45,0,0,60,65,158,38
D01574,45,0,0,112,65,158,38
D01575,38,0,0,87,86,192,32
D01576,38,0,0,63,35,192,64
D01577,38,0,0,117,80,192,32
D01578,40,0,0,170,310,192,8
D01579,40,0,0,170,310,192,8
D01580,40,0,0,138,330,192,8
D01581,40,0,0,27,330,192,8
D01582,38,0,0,61,35,256,60
D01583,38,0,0,18,42,192,48
D01584,38,0,0,58,37,192,64
D01585,38,0,0,20,40,192,48
D01586,38,0,0,96,230,256,12
D01587,38,0,0,63,230,256,12
D01588,38,0,0,79,230,256,12
D01589,38,0,0,64,215,256,12
D01590,28,0,0,113,240,256,12
D01591,30,0,0,77,240,256,12
D01592,32,0,0,182,230,256,12
D01593,32,0,0,140,230,256,12
D01594,30,0,0,71,230,256,12
D01595,38,0,0,117,200,256,12
D01596,30,0,0,70,180,192,16
D01597,30,0,0,96,180,192,16
D01598,30,0,0,155,180,192,16
D01599,30,0,0,50,180,192,16
D01600,38,0,0,226,190,192,221
D01601,32,0,0,170,150,192,16
D01602,32,0,0,297,127,158,19
D01603,32,0,0,267,170,192,16
D01604,32,0,0,362,180,192,138
D01605,38,0,0,29,240,256,12
D01606,30,0,0,30,240,256,12
D01607,32,0,0,103,230,256,12
D01608,34,0,0,90,230,256,12
D01609,30,0,0,30,240,256,12
D01610,40,0,0,66,230,256,12
D01611,32,0,0,94,230,256,12
D01612,48,0,0,120,230,256,12
D01613,48,0,0,100,230,256,12
D01614,48,0,0,135,230,256,12
D01615,48,0,0,132,230,256,12
D01616,40,0,0,122,230,256,12
D01617,40,0,0,91,230,256,12
D01618,38,0,0,115,230,256,12
D01619,38,0,0,71,230,256,12
D01620,40,0,0,140,230,256,12
D01621,40,0,0,20,180,192,2
D01622,38,0,0,107,170,192,2
D01623,38,0,0,101,180,192,2
D01624,38,0,0,136,180,192,2
D01625,38,0,0,106,180,192,2
D01626,38,0,0,30,230,256,12
D01627,38,0,0,138,230,256,12
D01628,38,0,0,98,230,256,12
D01629,38,0,0,150,230,256,12
D01630,38,0,0,85,180,192,2
D01631,38,0,0,60,180,192,2
D01632,38,0,0,57,180,192,2
D01633,38,0,0,114,230,256,12
D01634,38,0,0,52,180,192,2
D01635,38,0,0,42,230,256,12
D01636,38,0,0,42,230,256,12
D01637,40,0,0,112,230,256,12
D01638,38,0,0,92,230,256,12
D01639,38,0,0,79,230,256,12
D01640,38,0,0,67,230,256,12
D01641,40,0,0,85,70,192,32
D01642,40,0,0,56,28,192,64
D01643,32,0,0,94,230,256,12
D01644,38,0,0,71,230,256,12
D01645,40,0,0,124,230,256,12
D01646,38,0,0,130,230,256,12
D01647,35,0,0,77,230,256,12
D01648,38,0,0,151,230,256,12
D01649,38,0,0,138,230,256,12
D01650,38,0,0,95,230,256,12
D01651,33,0,0,20,25,64,96
D01652,38,0,0,105,230,256,12
D01653,38,0,0,182,230,256,12
D01654,32,0,0,135,230,256,12
D01655,45,0,0,112,230,256,12
D01656,38,0,0,127,230,256,12
D01657,38,0,0,160,230,256,12
D01658,38,0,0,88,230,256,12
D01659,35,0,0,77,230,256,12
D01660,38,0,0,95,164,192,16
D01661,38,0,0,38,170,192,16
D01662,38,0,0,120,170,192,16
D01663,38,0,0,125,170,192,16
D01664,38,0,0,38,170,192,16
D01665,38,0,0,79,170,192,16
D01666,40,0,0,86,170,192,16
D01667,38,0,0,80,170,192,16
D01668,38,0,0,40,170,192,16
D01669,40,0,0,145,170,192,16
D01670,48,0,0,126,170,192,16
D01671,48,0,0,80,170,192,16
D01672,38,0,0,124,170,192,16
D01673,48,0,0,124,170,192,16
D01674,48,0,0,100,170,192,16
D01675,48,0,0,76,170,192,16
D01676,48,0,0,152,170,192,16
D01677,40,0,0,108,170,192,16
D01678,40,0,0,500,129,192,16
D01679,38,0,0,138,230,256,12
D01680,32,0,0,95,240,256,12
D01681,30,0,0,102,170,192,16
D01682,30,0,0,130,215,256,12
D01683,36,0,0,112,230,256,12
D01684,34,0,0,115,230,256,12
D01685,38,0,0,118,230,256,12
D01686,38,0,0,100,230,256,12
D01687,36,0,0,112,230,256,12
D01688,34,0,0,115,230,256,12
D01689,38,0,0,118,230,256,12
D01690,34,0,0,115,230,256,12
D01691,38,0,0,118,230,256,12
D01692,38,0,0,80,230,256,12
D01693,38,0,0,99,230,256,12
D01694,38,0,0,80,80,192,32
D01695,38,0,0,86,230,256,12
D01696,38,0,0,239,180,192,2
D01697,38,0,0,60,240,256,2
D01698,38,0,0,79,240,256,2
D01699,38,0,0,86,230,256,12
D01700,38,0,0,42,230,256,12
D01701,38,0,0,70,230,256,12
D01702,38,0,0,86,230,256,12
D01703,38,0,0,42,230,256,12
D01704,43,0,0,44,23,62,100
D01705,36,0,0,76,36,48,64
D01706,36,0,0,76,36,48,64
D01707,50,0,0,132,40,48,64
D01708,42,0,0,44,40,62,51
D01709,42,0,0,44,40,62,51
D01710,42,0,0,52,35,62,51
D01711,42,0,0,52,35,48,66
D01712,42,0,0,50,45,192,16
D01713,50,0,0,132,57,62,51
D01714,43,0,0,38,57,62,51
D01715,43,0,0,38,57,62,50
D01716,50,0,0,132,57,62,50
D01717,38,0,0,130,170,192,16
D01718,34,0,0,38,57,62,51
D01719,35,0,0,100,59,62,2
D01720,38,0,0,73,170,192,16
D01721,34,0,0,54,57,62,51
D01722,35,0,0,60,59,62,2
D01723,38,0,0,51,170,192,16
D01724,34,0,0,89,57,62,51
D01725,35,0,0,81,59,62,2
D01726,40,0,0,120,170,192,16
D01727,34,0,0,35,57,60,51
D01728,35,0,0,115,59,62,2
D01729,38,0,0,66,170,192,16
D01730,40,0,0,59,57,62,51
D01731,35,0,0,48,59,62,2
D01732,38,0,0,66,170,192,16
D01733,40,0,0,59,57,62,51
D01734,36,0,0,40,59,62,2
D01735,38,0,0,41,170,192,16
D01736,40,0,0,60,57,62,51
D01737,38,0,0,35,59,62,2
D01738,38,0,0,150,170,192,16
D01739,38,0,0,54,35,48,66
D01740,38,0,0,62,59,62,2
D01741,38,0,0,150,57,192,32
D01742,38,0,0,53,35,48,66
D01743,38,0,0,112,170,192,16
D01744,38,0,0,53,35,48,66
D01745,38,0,0,28,170,192,16
D01746,38,0,0,53,35,48,66
D01747,38,0,0,90,170,192,16
D01748,38,0,0,54,35,48,66
D01749,38,0,0,78,59,48,2
D01750,38,0,0,54,35,48,66
D01751,38,0,0,34,59,62,2
D01752,38,0,0,57,57,62,51
D01753,38,0,0,32,59,62,2
D01754,38,0,0,94,170,192,16
D01755,50,0,0,76,46,48,2
D01756,38,0,0,49,57,62,51
D01757,38,0,0,18,54,62,2
D01758,38,0,0,20,55,62,51
D01759,38,0,0,20,59,62,2
D01760,30,0,0,122,170,192,16
D01761,38,0,0,76,57,62,51
D01762,38,0,0,20,59,62,2
D01763,38,0,0,97,57,62,51
D01764,40,0,0,24,17,62,2
D01765,38,0,0,79,57,62,51
D01766,38,0,0,114,57,62,51
D01767,38,0,0,145,57,62,51
D01768,40,0,0,24,17,48,2
D01769,38,0,0,158,57,62,51
D01770,38,0,0,105,48,48,2
D01771,38,0,0,53,35,48,66
D01772,38,0,0,53,35,48,66
D01773,38,0,0,20,15,62,102
D01774,38,0,0,20,15,62,102
D01775,38,0,0,151,59,62,2
D01776,38,0,0,120,57,62,51
D01777,30,0,0,175,180,192,2
D01778,38,0,0,20,57,62,51
D01779,38,0,0,11,57,62,50
D01780,38,0,0,17,57,62,51
D01781,36,0,0,35,25,48,66
D01782,36,0,0,26,25,48,66
D01783,38,0,0,52,35,48,66
D01784,38,0,0,50,28,48,66
D01785,38,0,0,56,28,48,66
D01786,38,0,0,48,57,62,51
D01787,38,0,0,54,57,62,51
D01788,38,0,0,50,57,62,50
D01789,38,0,0,54,57,62,50
D01790,40,0,0,108,57,62,51
D01791,38,0,0,20,15,62,102
D01792,32,0,0,11,16,48,132
D01793,38,0,0,22,55,62,51
D01794,38,0,0,47,57,62,49
D01795,38,0,0,67,40,48,66
D01796,38,0,0,100,40,48,66
D01797,38,0,0,75,40,48,66
D01798,38,0,0,17,57,62,51
D01799,38,0,0,12,57,62,51
D01800,38,0,0,32,57,62,48
D01801,38,0,0,23,57,62,51
D01802,38,0,0,16,57,62,51
D01803,38,0,0,17,57,62,51
D01804,38,0,0,16,57,62,51
D01805,40,1.200000048,0,107,60,62,51
D01806,40,0,0,64,57,62,51
D01807,40,0,0,60,59,62,2
D01808,38,0,0,145,57,62,51
D01809,40,0,0,60,59,62,2
D01810,36,0,0,66,170,192,16
D01811,36,0,0,66,170,192,16
D01812,40,0,0,64,57,62,51
D01813,38,0,0,52,35,48,66
D01814,38,0,0,50,28,48,66
D01815,40,0,0,66,57,62,51
D01816,38,0,0,16,57,62,51
D01817,38,0,0,17,57,62,51
D01818,38,0,0,16,57,62,51
D01819,40,0,0,250,120,256,2
D01820,38,0,0,110,215,256,12
D01821,40,0,0,508,194,256,12
D01822,40,0,0,508,194,256,12
D01823,40,0,0,106,170,192,16
D01824,40,0,0,85,170,192,16
D01825,40,0,0,97,170,192,16
D01826,40,0,0,88,170,192,16
D01827,40,0,0,92,170,192,16
D01828,40,0,0,97.5,170,192,16
D01829,40,0,0,98,170,192,16
D01830,38,0,0,130,170,192,16
D01831,38,0,0,95,170,192,16
D01832,38,0,0,140,170,192,16
D01833,38,0,0,105,170,192,16
D01834,38,0,0,118,170,192,16
D01835,40,0,0,80,230,256,12
D01836,38,0,0,195,230,256,12
D01837,40,0,0,48,230,256,12
D01838,38,0,0,60,170,192,16
D01839,40,0,0,48,230,256,12
D01841,38,0,0,60,230,256,12
D01842,38,0,0,126,230,256,12
D01843,38,0,0,131,230,256,12
D01844,38,0,0,60,230,256,12
